{"sections":{"banner":{"type":"main-collection-banner","disabled":true,"settings":{"show_collection_description":true,"show_collection_image":false,"color_scheme":"scheme-1"}},"product-grid":{"type":"main-collection-product-grid","disabled":true,"settings":{"products_per_page":16,"columns_desktop":4,"color_scheme":"scheme-1","image_ratio":"adapt","image_shape":"default","show_secondary_image":false,"show_vendor":false,"show_rating":false,"quick_add":"none","enable_filtering":true,"filter_type":"horizontal","enable_sorting":true,"columns_mobile":"2","padding_top":36,"padding_bottom":36}},"image_banner_qrm4Yd":{"type":"image-banner","blocks":{"heading_7azAam":{"type":"heading","settings":{"heading":"Dining & Kitchen Items","heading_size":"h1"}},"text_WKDdUJ":{"type":"text","settings":{"text":"Eat in style","text_style":"body"}}},"block_order":["heading_7azAam","text_WKDdUJ"],"custom_css":[".banner__box {opacity: 0.9;}","@media screen and (max-width: 749px) {.banner:not(.banner--mobile-bottom):not(.email-signup-banner) .banner__box {background-color: rgb(var(--color-background)) !important; padding: 1rem !important; margin: 3rem !important; }}"],"settings":{"image":"shopify:\/\/shop_images\/Deja_Decor_-_Header_-_Dining_Room.jpg","image_overlay_opacity":10,"image_height":"medium","desktop_content_position":"middle-center","show_text_box":true,"desktop_content_alignment":"center","color_scheme":"","image_behavior":"none","mobile_content_alignment":"center","stack_images_on_mobile":false,"show_text_below":false}},"collection_list_M8aGKA":{"type":"collection-list","blocks":{"featured_collection_6eMfXC":{"type":"featured_collection","settings":{"collection":"dining-tables"}},"featured_collection_AHRcma":{"type":"featured_collection","settings":{"collection":"dining-chairs"}},"featured_collection_mnXVVX":{"type":"featured_collection","settings":{"collection":"sideboards-buffets"}},"featured_collection_gxwRmg":{"type":"featured_collection","settings":{"collection":"bar-tables"}},"featured_collection_96b9yL":{"type":"featured_collection","settings":{"collection":"bar-counter-stools"}},"featured_collection_9g7tkg":{"type":"featured_collection","settings":{"collection":"dining-benches-banquettes"}},"featured_collection_EDjCgg":{"type":"featured_collection","settings":{"collection":"kitchen-carts"}},"featured_collection_4QRkpB":{"type":"featured_collection","settings":{"collection":"kitchen-storage"}},"featured_collection_BHcUf7":{"type":"featured_collection","settings":{"collection":"dining-room-sets"}},"featured_collection_QrECgJ":{"type":"featured_collection","settings":{"collection":"dining-room-bundles"}}},"block_order":["featured_collection_6eMfXC","featured_collection_AHRcma","featured_collection_mnXVVX","featured_collection_gxwRmg","featured_collection_96b9yL","featured_collection_9g7tkg","featured_collection_EDjCgg","featured_collection_4QRkpB","featured_collection_BHcUf7","featured_collection_QrECgJ"],"settings":{"title":"Dining & Kitchen Items","heading_size":"h2","image_ratio":"adapt","columns_desktop":6,"color_scheme":"","show_view_all":false,"columns_mobile":"2","swipe_on_mobile":false,"padding_top":36,"padding_bottom":36}}},"order":["banner","product-grid","image_banner_qrm4Yd","collection_list_M8aGKA"]}