{"sections":{"banner":{"type":"main-collection-banner","disabled":true,"settings":{"show_collection_description":true,"show_collection_image":false,"color_scheme":"scheme-1"}},"product-grid":{"type":"main-collection-product-grid","disabled":true,"settings":{"products_per_page":16,"columns_desktop":4,"color_scheme":"scheme-1","image_ratio":"adapt","image_shape":"default","show_secondary_image":false,"show_vendor":false,"show_rating":false,"quick_add":"none","enable_filtering":true,"filter_type":"horizontal","enable_sorting":true,"columns_mobile":"2","padding_top":36,"padding_bottom":36}},"image_banner_aiyzk9":{"type":"image-banner","blocks":{"heading_hi8p6V":{"type":"heading","settings":{"heading":"Image banner","heading_size":"h1"}},"text_aT8UVp":{"type":"text","settings":{"text":"Give customers details about the banner image(s) or content on the template.","text_style":"body"}}},"block_order":["heading_hi8p6V","text_aT8UVp"],"settings":{"image_overlay_opacity":0,"image_height":"medium","desktop_content_position":"middle-center","show_text_box":true,"desktop_content_alignment":"center","color_scheme":"","image_behavior":"none","mobile_content_alignment":"center","stack_images_on_mobile":true,"show_text_below":true}},"featured_collection_PXCRHF":{"type":"featured-collection","settings":{"title":"Items","heading_size":"h1","description":"","show_description":false,"description_style":"body","collection":"sofas","products_to_show":4,"columns_desktop":4,"full_width":false,"show_view_all":true,"view_all_style":"solid","enable_desktop_slider":false,"color_scheme":"","image_ratio":"adapt","image_shape":"default","show_secondary_image":false,"show_vendor":false,"show_rating":false,"quick_add":"none","columns_mobile":"2","swipe_on_mobile":false,"padding_top":36,"padding_bottom":36}}},"order":["banner","product-grid","image_banner_aiyzk9","featured_collection_PXCRHF"]}