{"sections":{"banner":{"type":"main-collection-banner","disabled":true,"settings":{"show_collection_description":true,"show_collection_image":false,"color_scheme":"scheme-1"}},"product-grid":{"type":"main-collection-product-grid","disabled":true,"settings":{"products_per_page":16,"columns_desktop":4,"color_scheme":"scheme-1","image_ratio":"adapt","image_shape":"default","show_secondary_image":false,"show_vendor":false,"show_rating":false,"quick_add":"none","enable_filtering":true,"filter_type":"horizontal","enable_sorting":true,"columns_mobile":"2","padding_top":36,"padding_bottom":36}},"image_banner_qrm4Yd":{"type":"image-banner","blocks":{"heading_7azAam":{"type":"heading","settings":{"heading":"Living Room Items","heading_size":"h1"}},"text_WKDdUJ":{"type":"text","settings":{"text":"Entertain in style","text_style":"body"}}},"block_order":["heading_7azAam","text_WKDdUJ"],"custom_css":[".banner__box {opacity: 0.9;}","@media screen and (max-width: 749px) {.banner:not(.banner--mobile-bottom):not(.email-signup-banner) .banner__box {background-color: rgb(var(--color-background)) !important; padding: 1rem !important; margin: 3rem !important; }}"],"settings":{"image":"shopify:\/\/shop_images\/Deja_Decor_-_Header_-_Living_Room.jpg","image_overlay_opacity":10,"image_height":"medium","desktop_content_position":"middle-center","show_text_box":true,"desktop_content_alignment":"center","color_scheme":"","image_behavior":"none","mobile_content_alignment":"center","stack_images_on_mobile":false,"show_text_below":false}},"collection_list_dejadecor_pVxPhy":{"type":"collection-list-dejadecor","blocks":{"featured_collection_n7XMbV":{"type":"featured_collection","settings":{"collection":"sofas"}},"featured_collection_PnndtY":{"type":"featured_collection","settings":{"collection":"sectional"}},"featured_collection_amtw8J":{"type":"featured_collection","settings":{"collection":"loveseats"}},"featured_collection_PcjJiA":{"type":"featured_collection","settings":{"collection":"sofa-beds"}},"featured_collection_kGBakV":{"type":"featured_collection","settings":{"collection":"chaise-lounges-daybeds"}},"featured_collection_jGgY7p":{"type":"featured_collection","settings":{"collection":"accent-chairs"}},"featured_collection_BXYTdP":{"type":"featured_collection","settings":{"collection":"designer-chairs"}},"featured_collection_LQAmdd":{"type":"featured_collection","settings":{"collection":"recliners"}},"featured_collection_XnCRfi":{"type":"featured_collection","settings":{"collection":"swivel-chairs"}},"featured_collection_6VPEgR":{"type":"featured_collection","settings":{"collection":"tv-stands-entertainment-centers"}},"featured_collection_hgxUj4":{"type":"featured_collection","settings":{"collection":"coffee-tables"}},"featured_collection_cgw3qD":{"type":"featured_collection","settings":{"collection":"end-side-tables"}},"featured_collection_DbBGkJ":{"type":"featured_collection","settings":{"collection":"console-tables"}},"featured_collection_EEcCTF":{"type":"featured_collection","settings":{"collection":"ottomans-poufs"}},"featured_collection_BrinD8":{"type":"featured_collection","settings":{"collection":"bookcases-shelving-1"}},"featured_collection_Yq9cAg":{"type":"featured_collection","settings":{"collection":"benches"}},"featured_collection_wVciqV":{"type":"featured_collection","settings":{"collection":"room-dividers"}},"featured_collection_QJGVeK":{"type":"featured_collection","settings":{"collection":"living-room-sets"}},"featured_collection_q3Kdg9":{"type":"featured_collection","settings":{"collection":"living-room-bundles"}}},"block_order":["featured_collection_n7XMbV","featured_collection_PnndtY","featured_collection_amtw8J","featured_collection_PcjJiA","featured_collection_kGBakV","featured_collection_jGgY7p","featured_collection_BXYTdP","featured_collection_LQAmdd","featured_collection_XnCRfi","featured_collection_6VPEgR","featured_collection_hgxUj4","featured_collection_cgw3qD","featured_collection_DbBGkJ","featured_collection_EEcCTF","featured_collection_BrinD8","featured_collection_Yq9cAg","featured_collection_wVciqV","featured_collection_QJGVeK","featured_collection_q3Kdg9"],"settings":{"title":"Living Room Items","heading_size":"h2","image_ratio":"adapt","columns_desktop":6,"color_scheme":"","show_view_all":false,"columns_mobile":"2","swipe_on_mobile":false,"padding_top":36,"padding_bottom":36}}},"order":["banner","product-grid","image_banner_qrm4Yd","collection_list_dejadecor_pVxPhy"]}