{"sections":{"banner":{"type":"main-collection-banner","disabled":true,"settings":{"show_collection_description":true,"show_collection_image":false,"color_scheme":"scheme-1"}},"product-grid":{"type":"main-collection-product-grid","disabled":true,"settings":{"products_per_page":16,"columns_desktop":4,"color_scheme":"scheme-1","image_ratio":"adapt","image_shape":"default","show_secondary_image":false,"show_vendor":false,"show_rating":false,"quick_add":"none","enable_filtering":true,"filter_type":"horizontal","enable_sorting":true,"columns_mobile":"2","padding_top":36,"padding_bottom":36}},"image_banner_qrm4Yd":{"type":"image-banner","blocks":{"heading_7azAam":{"type":"heading","settings":{"heading":"Laundry Room Items","heading_size":"h1"}},"text_WKDdUJ":{"type":"text","settings":{"text":"Wash in style","text_style":"body"}}},"block_order":["heading_7azAam","text_WKDdUJ"],"custom_css":[".banner__box {opacity: 0.9;}","@media screen and (max-width: 749px) {.banner:not(.banner--mobile-bottom):not(.email-signup-banner) .banner__box {background-color: rgb(var(--color-background)) !important; padding: 1rem !important; margin: 3rem !important; }}"],"settings":{"image":"shopify:\/\/shop_images\/Deja_Decor_-_Header_-_Laundry_Room.jpg","image_overlay_opacity":10,"image_height":"medium","desktop_content_position":"middle-center","show_text_box":true,"desktop_content_alignment":"center","color_scheme":"","image_behavior":"none","mobile_content_alignment":"center","stack_images_on_mobile":false,"show_text_below":false}}},"order":["banner","product-grid","image_banner_qrm4Yd"]}