{"sections":{"image_banner":{"type":"image-banner","blocks":{"text_e8Y7D3":{"type":"text","settings":{"text":"Turn Second-Hand into Second-Chance!","text_style":"subtitle"}},"heading":{"type":"heading","settings":{"heading":"Sustainable,  Stylish, & Smart","heading_size":"h2"}},"buttons_iPxXhN":{"type":"buttons","settings":{"button_label_1":"Find Treasures","button_link_1":"shopify:\/\/pages\/all-room-collections","button_style_secondary_1":true,"button_label_2":"Rehome","button_link_2":"shopify:\/\/pages\/rehome-it","button_style_secondary_2":true}}},"block_order":["text_e8Y7D3","heading","buttons_iPxXhN"],"custom_css":[".banner__box {opacity: 0.9;}","@media screen and (max-width: 749px) {.banner:not(.banner--mobile-bottom):not(.email-signup-banner) .banner__box {background-color: rgb(var(--color-background)) !important; padding: 0.2rem !important; margin: 2rem !important; }}"],"settings":{"image":"shopify:\/\/shop_images\/Deja_Decor_-_Header_-_Home_Page_7.jpg","image_overlay_opacity":0,"image_height":"adapt","desktop_content_position":"top-center","show_text_box":true,"desktop_content_alignment":"center","color_scheme":"scheme-1","image_behavior":"none","mobile_content_alignment":"center","stack_images_on_mobile":false,"show_text_below":false}},"video_qJiYBW":{"type":"video","settings":{"heading":"Deja Decor - Designed for the Planet","heading_size":"h2","enable_video_looping":true,"video":"shopify:\/\/files\/videos\/Deja Decor - Join the Second-Hand Revolution - 2024-09-28.mp4","video_url":"https:\/\/www.youtube.com\/watch?v=_9VUPq3SxOc","cover_image":"shopify:\/\/shop_images\/Deja_Decor_-_Join_the_Second-Hand_Revolution_-_2024-09-28_-_cover_image.jpg","description":"Deja Decor - Join the Second-Hand Revolution","full_width":true,"color_scheme":"","padding_top":24,"padding_bottom":36}},"collection_list_QaAPgn":{"type":"collection-list","blocks":{"featured_collection_8kKNwG":{"type":"featured_collection","settings":{"collection":"living-room"}},"featured_collection_9GR69t":{"type":"featured_collection","settings":{"collection":"dining-room"}},"featured_collection_Ybqhgh":{"type":"featured_collection","settings":{"collection":"bedroom"}},"featured_collection_V3KiCj":{"type":"featured_collection","settings":{"collection":"kids-bedroom"}},"featured_collection_hNDR69":{"type":"featured_collection","settings":{"collection":"kids-room"}},"featured_collection_PUgakV":{"type":"featured_collection","settings":{"collection":"baby-nursery-bedroom"}},"featured_collection_xJmRDa":{"type":"featured_collection","settings":{"collection":"office"}},"featured_collection_e9nQ6j":{"type":"featured_collection","settings":{"collection":"entry-mudroom-furniture"}},"featured_collection_nDLEgy":{"type":"featured_collection","settings":{"collection":"game-room"}},"featured_collection_igb7mz":{"type":"featured_collection","settings":{"collection":"ourdoor"}},"featured_collection_TtW7fF":{"type":"featured_collection","settings":{"collection":"decor"}},"featured_collection_aYxRzn":{"type":"featured_collection","settings":{"collection":"need-love-free"}}},"block_order":["featured_collection_8kKNwG","featured_collection_9GR69t","featured_collection_Ybqhgh","featured_collection_V3KiCj","featured_collection_hNDR69","featured_collection_PUgakV","featured_collection_xJmRDa","featured_collection_e9nQ6j","featured_collection_nDLEgy","featured_collection_igb7mz","featured_collection_TtW7fF","featured_collection_aYxRzn"],"custom_css":[],"settings":{"title":"Explore Items by Room:","heading_size":"h2","image_ratio":"adapt","columns_desktop":3,"color_scheme":"","show_view_all":false,"columns_mobile":"2","swipe_on_mobile":false,"padding_top":36,"padding_bottom":36}},"image_banner_6P4VeG":{"type":"image-banner","blocks":{"heading_PGrfzD":{"type":"heading","settings":{"heading":"Repair - Repurpose - Reuse","heading_size":"h1"}},"text_CGbHmx":{"type":"text","settings":{"text":"Broken doesn’t mean useless. At Déjà Décor, we believe in the power of repair and repurposing. Many items can be given a new life with a little creativity and care. We partner with skilled artisans and repair shops who can restore and transform your furniture, turning what might seem like trash into treasured pieces once again. Let’s embrace a culture of reuse and reduce the need for new production.","text_style":"body"}},"buttons_fRMLmV":{"type":"buttons","settings":{"button_label_1":"Discover artisans and repair shops near you","button_link_1":"shopify:\/\/pages\/repair-shops","button_style_secondary_1":true,"button_label_2":"","button_link_2":"","button_style_secondary_2":false}}},"block_order":["heading_PGrfzD","text_CGbHmx","buttons_fRMLmV"],"custom_css":[".banner__box {opacity: 0.9;}","@media screen and (max-width: 749px) {.banner:not(.banner--mobile-bottom):not(.email-signup-banner) .banner__box {background-color: rgb(var(--color-background)) !important; padding: 0.7rem !important; margin: 2rem !important; }}"],"settings":{"image":"shopify:\/\/shop_images\/Deja_Decor_-_Dining_Room_Made_With_Recicled_Materials.jpg","image_overlay_opacity":0,"image_height":"adapt","desktop_content_position":"bottom-right","show_text_box":true,"desktop_content_alignment":"right","color_scheme":"","image_behavior":"none","mobile_content_alignment":"center","stack_images_on_mobile":true,"show_text_below":true}}},"order":["image_banner","video_qJiYBW","collection_list_QaAPgn","image_banner_6P4VeG"]}