{"sections":{"main":{"type":"main-page","disabled":true,"settings":{"padding_top":28,"padding_bottom":28}},"image_banner_yKD3Qa":{"type":"image-banner","blocks":{"heading_Werqyx":{"type":"heading","settings":{"heading":"Style Meets Sustainability","heading_size":"h2"}},"text_AP6f3V":{"type":"text","settings":{"text":"Craft Your Perfect Space, Sustainably","text_style":"body"}}},"block_order":["heading_Werqyx","text_AP6f3V"],"custom_css":[".banner__box {opacity: 0.75;}","@media screen and (max-width: 749px) {.banner:not(.banner--mobile-bottom):not(.email-signup-banner) .banner__box {background-color: rgb(var(--color-background)) !important; padding: 0.2rem !important; margin: 5rem !important; margin-top: -4rem !important; }}","@media screen and (min-width: 900px) {.banner__box {margin-top: -15rem; }}"],"settings":{"image":"shopify:\/\/shop_images\/Deja_Decor_-_Header_-_Designers_e20e0295-aff6-46f8-bfe6-6bda9c29654b.jpg","image_overlay_opacity":0,"image_height":"medium","desktop_content_position":"middle-center","show_text_box":true,"desktop_content_alignment":"center","color_scheme":"","image_behavior":"none","mobile_content_alignment":"center","stack_images_on_mobile":true,"show_text_below":false}},"featured_collection_WdAVp7":{"type":"featured-collection","settings":{"title":"Meet the Designers - Transforming Spaces with Sustainable Style","heading_size":"h2","description":"<p>At Déjà Décor, we believe that style and sustainability can go hand in hand. Our curated network of interior designers is here to help you create spaces that are not only beautiful but also mindful of the planet. Whether you're looking to refresh your living room, redesign your kitchen, or reimagine your entire home, our designers will work with you to incorporate second-hand and repurposed furniture in ways that fit your style and needs.<\/p><p><\/p><p>Each of our designers brings a unique perspective, but they all share a commitment to creating beautiful, sustainable spaces. Explore their profiles to see how they can help you achieve your dream home while being kind to the planet.<\/p>","show_description":false,"description_style":"body","collection":"designers","products_to_show":25,"columns_desktop":6,"full_width":false,"show_view_all":true,"view_all_style":"link","enable_desktop_slider":false,"color_scheme":"","image_ratio":"adapt","image_shape":"default","show_secondary_image":false,"show_vendor":false,"show_rating":false,"quick_add":"none","columns_mobile":"2","swipe_on_mobile":false,"padding_top":36,"padding_bottom":36}},"image_banner_pQLwyt":{"type":"image-banner","blocks":{"heading_VdRk3V":{"type":"heading","settings":{"heading":"Be a Part of the Sustainable Living Movement","heading_size":"h2"}},"text_pFVYAe":{"type":"text","settings":{"text":"At Déjà Décor, we're more than just a marketplace - we're a community of like-minded individuals who believe in the power of sustainable living. Join us today and start making a difference, one piece of furniture at a time. Together, we can create spaces that are as kind to the planet as they are beautiful.","text_style":"body"}},"buttons_rHq9HE":{"type":"buttons","settings":{"button_label_1":"Learn how it Works","button_link_1":"shopify:\/\/pages\/how-it-works","button_style_secondary_1":true,"button_label_2":"","button_link_2":"","button_style_secondary_2":false}}},"block_order":["heading_VdRk3V","text_pFVYAe","buttons_rHq9HE"],"custom_css":[".banner__box {opacity: 0.9;}","@media screen and (max-width: 749px) {.banner:not(.banner--mobile-bottom):not(.email-signup-banner) .banner__box {background-color: rgb(var(--color-background)) !important; padding: 1rem !important; margin: 3rem !important; }}"],"settings":{"image":"shopify:\/\/shop_images\/Designers_-_Section_-_Inspiration.jpg","image_overlay_opacity":0,"image_height":"adapt","desktop_content_position":"middle-center","show_text_box":true,"desktop_content_alignment":"center","color_scheme":"","image_behavior":"none","mobile_content_alignment":"center","stack_images_on_mobile":true,"show_text_below":true}}},"order":["main","image_banner_yKD3Qa","featured_collection_WdAVp7","image_banner_pQLwyt"]}