{"sections":{"main":{"type":"main-page","disabled":true,"settings":{"padding_top":28,"padding_bottom":28}},"image_banner_yKD3Qa":{"type":"image-banner","blocks":{"heading_Werqyx":{"type":"heading","settings":{"heading":"Virtually Stage Your Room!","heading_size":"h1"}},"text_AP6f3V":{"type":"text","settings":{"text":"Visualize Before You Buy","text_style":"subtitle"}}},"block_order":["heading_Werqyx","text_AP6f3V"],"custom_css":[".banner__box {opacity: 0.75;}","@media screen and (max-width: 749px) {.banner:not(.banner--mobile-bottom):not(.email-signup-banner) .banner__box {background-color: rgb(var(--color-background)) !important; padding: 0.2rem !important; margin: 5rem !important; margin-top: -4rem !important; }}","@media screen and (min-width: 900px) {.banner__box {margin-top: -15rem; }}"],"settings":{"image":"shopify:\/\/shop_images\/Deja_Decor_-_Header_-_Designers_e20e0295-aff6-46f8-bfe6-6bda9c29654b.jpg","image_overlay_opacity":0,"image_height":"medium","desktop_content_position":"middle-center","show_text_box":true,"desktop_content_alignment":"center","color_scheme":"","image_behavior":"none","mobile_content_alignment":"center","stack_images_on_mobile":true,"show_text_below":false}},"multicolumn_8j8rFp":{"type":"multicolumn","blocks":{"column_XBYBgc":{"type":"column","settings":{"title":"1. Upload a photo of your room","text":"","link_label":"","link":""}},"column_RjetmM":{"type":"column","settings":{"title":"2. Browse through our curated furniture selection","text":"","link_label":"","link":""}},"column_TJJTcY":{"type":"column","settings":{"title":"3. Place and adjust items to see how they fit your space","text":"","link_label":"","link":""}},"column_YM6RLg":{"type":"column","settings":{"title":"4. Save or share your new room setup with friends or designers","text":"","link_label":"","link":""}}},"block_order":["column_XBYBgc","column_RjetmM","column_TJJTcY","column_YM6RLg"],"settings":{"title":"How It Works","heading_size":"h1","image_width":"full","image_ratio":"adapt","columns_desktop":4,"column_alignment":"left","background_style":"primary","button_label":"","button_link":"","color_scheme":"","columns_mobile":"1","swipe_on_mobile":false,"padding_top":36,"padding_bottom":36}},"image_banner_pQLwyt":{"type":"image-banner","blocks":{"heading_VdRk3V":{"type":"heading","settings":{"heading":"Be a Part of the Sustainable Living Movement","heading_size":"h2"}},"text_pFVYAe":{"type":"text","settings":{"text":"At Déjà Décor, we're more than just a marketplace - we're a community of like-minded individuals who believe in the power of sustainable living. Join us today and start making a difference, one piece of furniture at a time. Together, we can create spaces that are as kind to the planet as they are beautiful.","text_style":"body"}},"buttons_rHq9HE":{"type":"buttons","settings":{"button_label_1":"Learn how it Works","button_link_1":"shopify:\/\/pages\/how-it-works","button_style_secondary_1":true,"button_label_2":"","button_link_2":"","button_style_secondary_2":false}}},"block_order":["heading_VdRk3V","text_pFVYAe","buttons_rHq9HE"],"custom_css":[".banner__box {opacity: 0.9;}","@media screen and (max-width: 749px) {.banner:not(.banner--mobile-bottom):not(.email-signup-banner) .banner__box {background-color: rgb(var(--color-background)) !important; padding: 1rem !important; margin: 3rem !important; }}"],"settings":{"image":"shopify:\/\/shop_images\/Designers_-_Section_-_Inspiration.jpg","image_overlay_opacity":0,"image_height":"adapt","desktop_content_position":"middle-center","show_text_box":true,"desktop_content_alignment":"center","color_scheme":"","image_behavior":"none","mobile_content_alignment":"center","stack_images_on_mobile":true,"show_text_below":true}}},"order":["main","image_banner_yKD3Qa","multicolumn_8j8rFp","image_banner_pQLwyt"]}