{"sections":{"main":{"type":"main-page","disabled":true,"settings":{"padding_top":28,"padding_bottom":28}},"image_banner_nj8RYz":{"type":"image-banner","blocks":{"heading_R9YGrf":{"type":"heading","settings":{"heading":"How It Works: Streamlined for Sellers, Seamless for Buyers","heading_size":"h2"}}},"block_order":["heading_R9YGrf"],"settings":{"image":"shopify:\/\/shop_images\/Deja_Decor_-_How_It_Works_-_Header.jpg","image_overlay_opacity":0,"image_height":"medium","desktop_content_position":"middle-center","show_text_box":true,"desktop_content_alignment":"center","color_scheme":"","image_behavior":"none","mobile_content_alignment":"center","stack_images_on_mobile":true,"show_text_below":true}}},"order":["main","image_banner_nj8RYz"]}