{"sections":{"main":{"type":"main-page","disabled":true,"settings":{"padding_top":28,"padding_bottom":28}},"image_banner_ydgK6U":{"type":"image-banner","blocks":{"heading_dFWani":{"type":"heading","settings":{"heading":"From Old to Bold!","heading_size":"h1"}},"text_9QLUgj":{"type":"text","settings":{"text":"At Déjà Décor, we make it easy for you to find a new home for your furniture. Rehome your beloved items with us and join the movement to reduce waste and support sustainable living.","text_style":"subtitle"}}},"block_order":["heading_dFWani","text_9QLUgj"],"custom_css":[".banner__box {opacity: 0.9;}","@media screen and (max-width: 749px) {.banner:not(.banner--mobile-bottom):not(.email-signup-banner) .banner__box {background-color: rgb(var(--color-background)) !important; padding: 0.2rem !important; margin: 2rem !important; }}"],"settings":{"image":"shopify:\/\/shop_images\/Header_Repair_Shops_bon.webp","image_overlay_opacity":0,"image_height":"large","desktop_content_position":"top-center","show_text_box":true,"desktop_content_alignment":"center","color_scheme":"","image_behavior":"none","mobile_content_alignment":"left","stack_images_on_mobile":true,"show_text_below":true}},"multicolumn_PthEAy":{"type":"multicolumn","blocks":{"column_6ycx7c":{"type":"column","settings":{"title":"1. Create Your Listing","text":"<p>Upload clear photos and videos to showcase your item.<br\/>Provide detailed descriptions, including the history, condition, and any unique features.<\/p>","link_label":"","link":""}},"column_TUJ4tF":{"type":"column","settings":{"title":"2. Choose Your Rehoming Options:","text":"<p>Decide how you’d like to rehome your furniture.<\/p><ul><li>Offer pickup by the buyer,<\/li><li>Ship via mail services like Canada Post,<\/li><li>Or choose Déjà Décor’s white-glove delivery service for a stress-free process.<\/li><\/ul>","link_label":"","link":""}},"column_LBfCQg":{"type":"column","settings":{"title":"3. Connect with Conscious Buyers","text":"<p>Once your listing is live, buyers who are interested will contact you through our platform. We ensure all transactions are safe and secure.<\/p>","link_label":"","link":""}},"column_QzFz8B":{"type":"column","settings":{"title":"4. Finalize the Rehoming","text":"<p>When your item sells, sit back and relax. Our team can handle the logistics through our delivery service, ensuring your furniture reaches its new home smoothly.<\/p>","link_label":"","link":""}}},"block_order":["column_6ycx7c","column_TUJ4tF","column_LBfCQg","column_QzFz8B"],"settings":{"title":"Step-by-Step Guide for Sellers:","heading_size":"h2","image_width":"full","image_ratio":"adapt","columns_desktop":4,"column_alignment":"center","background_style":"primary","button_label":"","button_link":"","color_scheme":"","columns_mobile":"1","swipe_on_mobile":true,"padding_top":20,"padding_bottom":20}}},"order":["main","image_banner_ydgK6U","multicolumn_PthEAy"]}