{"sections":{"main":{"type":"main-page","disabled":true,"settings":{"padding_top":28,"padding_bottom":28}},"image_banner_ezJ4RD":{"type":"image-banner","blocks":{"heading_WHBB3r":{"type":"heading","settings":{"heading":"Home Design Inspiration: Unique, Sustainable, and Stylish","heading_size":"h2"}},"text_cgJpxV":{"type":"text","settings":{"text":"Discover how second-hand furniture and upcycled pieces can help you create a home that’s as unique as you are, while supporting a sustainable future.","text_style":"body"}}},"block_order":["heading_WHBB3r","text_cgJpxV"],"custom_css":[".banner__box {opacity: 0.9;}","@media screen and (max-width: 749px) {.banner:not(.banner--mobile-bottom):not(.email-signup-banner) .banner__box {background-color: rgb(var(--color-background)) !important; padding: 1rem !important; margin: 3rem !important; }}"],"settings":{"image":"shopify:\/\/shop_images\/Deja_Decor_-_Header_-_Home_Page_1.jpg","image_overlay_opacity":0,"image_height":"large","desktop_content_position":"middle-center","show_text_box":true,"desktop_content_alignment":"center","color_scheme":"","image_behavior":"none","mobile_content_alignment":"center","stack_images_on_mobile":true,"show_text_below":true}},"1726099935504578e9":{"type":"apps","blocks":{"nitro_lookbook_lookbook_block_FbnjLD":{"type":"shopify:\/\/apps\/nitro-lookbook\/blocks\/lookbook-block\/cc1f7d0a-9bac-40f1-a181-859d84a3417f","settings":{"lookbook_id":"6592cdb7-0bd0-4e46-8620-e414902803fc","heading":"Find Your Design Inspiration","sub_heading":"Our inspiration gallery showcases real examples of how second-hand and upcycled furniture can make a powerful design statement. These ideas reflect the limitless possibilities of reimagining and repurposing pieces to fit any style – from modern minimalism to cozy vintage chic.","heading_font_size":"1.5","heading_alignment":"left","padding_top":50,"padding_bottom":50}}},"block_order":["nitro_lookbook_lookbook_block_FbnjLD"],"settings":{"include_margins":true}},"multicolumn_38XPFb":{"type":"multicolumn","blocks":{"column_qdrL3b":{"type":"column","settings":{"title":"Start with a Statement Piece","text":"<p>Find a standout item, like a vintage sofa or upcycled dining table, and build your room around it.<\/p>","link_label":"","link":""}},"column_bUhXxR":{"type":"column","settings":{"title":"Mix Old and New","text":"<p>Combine second-hand furniture with modern accessories to create a balanced, contemporary look.<\/p>","link_label":"","link":""}},"column_H7NPzn":{"type":"column","settings":{"title":"Play with Textures","text":"<p>Second-hand furniture often comes with beautiful, worn textures. Layer different materials like wood, leather, and fabric for a rich, tactile experience.<\/p>","link_label":"","link":""}},"column_k8crmB":{"type":"column","settings":{"title":"Upcycle for a Personal Touch","text":"<p>Consider repainting or reupholstering items to match your colour scheme and give them a personal twist.<\/p>","link_label":"","link":""}}},"block_order":["column_qdrL3b","column_bUhXxR","column_H7NPzn","column_k8crmB"],"settings":{"title":"Designing with second-hand furniture isn’t just about saving money – it’s about creating a space with character, history, and sustainability. Here are some tips on how to mix and match pre-loved pieces to create a stylish and cohesive home.","heading_size":"h2","image_width":"full","image_ratio":"adapt","columns_desktop":4,"column_alignment":"left","background_style":"primary","button_label":"","button_link":"","color_scheme":"","columns_mobile":"1","swipe_on_mobile":false,"padding_top":36,"padding_bottom":36}},"multicolumn_etfdCW":{"type":"multicolumn","blocks":{"column_mk3xWq":{"type":"column","settings":{"title":"Reduce waste","text":"<p>Keep perfectly good furniture out of landfills.<\/p>","link_label":"","link":""}},"column_6B7h67":{"type":"column","settings":{"title":"Support a circular economy","text":"<p>Help create a system where goods are reused, not discarded.<\/p>","link_label":"","link":""}},"column_7aNNqE":{"type":"column","settings":{"title":"Unique finds","text":"<p>Discover one-of-a-kind pieces that you won’t find anywhere else.<\/p>","link_label":"","link":""}}},"block_order":["column_mk3xWq","column_6B7h67","column_7aNNqE"],"settings":{"title":"By choosing pre-loved furniture, you're not just designing a beautiful home – you're supporting a more sustainable world. Every second-hand item keeps valuable resources in use, reduces waste, and minimizes the need for new production. Plus, each piece tells a story, adding depth and personality to your space.","heading_size":"h2","image_width":"full","image_ratio":"adapt","columns_desktop":3,"column_alignment":"left","background_style":"primary","button_label":"","button_link":"","color_scheme":"","columns_mobile":"1","swipe_on_mobile":false,"padding_top":36,"padding_bottom":52}}},"order":["main","image_banner_ezJ4RD","1726099935504578e9","multicolumn_38XPFb","multicolumn_etfdCW"]}