{"sections":{"main":{"type":"main-page","disabled":true,"settings":{"padding_top":28,"padding_bottom":28}},"image_banner_yKD3Qa":{"type":"image-banner","blocks":{"heading_Werqyx":{"type":"heading","settings":{"heading":"Breathe New Life into Your Furniture","heading_size":"h2"}},"text_AP6f3V":{"type":"text","settings":{"text":"Explore Greater Montreal's Finest Furniture Repair and Restoration Shops","text_style":"body"}}},"block_order":["heading_Werqyx","text_AP6f3V"],"custom_css":[".banner__box {opacity: 0.9;}","@media screen and (max-width: 749px) {.banner:not(.banner--mobile-bottom):not(.email-signup-banner) .banner__box {background-color: rgb(var(--color-background)) !important; padding: 0.2rem !important; margin: 2rem !important; }}"],"settings":{"image":"shopify:\/\/shop_images\/Header_Repair_Shops_bon.webp","image_overlay_opacity":0,"image_height":"large","desktop_content_position":"top-center","show_text_box":true,"desktop_content_alignment":"center","color_scheme":"","image_behavior":"none","mobile_content_alignment":"center","stack_images_on_mobile":true,"show_text_below":true}},"featured_collection_WdAVp7":{"type":"featured-collection","settings":{"title":"Craftsmanship Meets Sustainability: Trusted Furniture Repair Shops in the Greater Montreal","heading_size":"h2","description":"<p>At Déjà Décor, we believe that quality furniture is worth preserving. These trusted artisans and repair shops in Greater Montreal offer the expertise to restore your beloved pieces, combining craftsmanship with sustainability.<\/p><p>Our curated selection of expert furniture repair shops in Greater Montreal is dedicated to bringing new life to your beloved pieces. Explore the options below to find the perfect partner for your restoration needs and join us in our mission to reduce waste, preserve craftsmanship, and maintain the beauty of high-quality furniture.<\/p>","show_description":false,"description_style":"body","collection":"repair-shops","products_to_show":25,"columns_desktop":6,"full_width":false,"show_view_all":true,"view_all_style":"link","enable_desktop_slider":false,"color_scheme":"","image_ratio":"adapt","image_shape":"default","show_secondary_image":false,"show_vendor":false,"show_rating":false,"quick_add":"none","columns_mobile":"2","swipe_on_mobile":false,"padding_top":36,"padding_bottom":36}}},"order":["main","image_banner_yKD3Qa","featured_collection_WdAVp7"]}