{"sections":{"main":{"type":"main-product","blocks":{"vendor":{"type":"text","settings":{"text":"{{ product.vendor }}","text_style":"uppercase"}},"title":{"type":"title","settings":{}},"description":{"type":"description","settings":{}},"text_gqCfNb":{"type":"text","settings":{"text":"Dimensions: {{ product.metafields.custom.width | metafield_tag }} x {{ product.metafields.custom.height | metafield_tag }} x {{ product.metafields.custom._depth | metafield_tag }}","text_style":"body"}},"price_PaxTJA":{"type":"price","settings":{}},"buy_buttons":{"type":"buy_buttons","settings":{"show_dynamic_checkout":true,"show_gift_card_recipient":true}},"share":{"type":"share","settings":{"share_label":"Share"}}},"block_order":["vendor","title","description","text_gqCfNb","price_PaxTJA","buy_buttons","share"],"settings":{"enable_sticky_info":true,"color_scheme":"scheme-2","media_size":"large","constrain_to_viewport":true,"media_fit":"contain","gallery_layout":"stacked","media_position":"left","image_zoom":"lightbox","mobile_thumbnails":"hide","hide_variants":true,"enable_video_looping":false,"padding_top":36,"padding_bottom":12}},"featured_collection_34NXan":{"type":"featured-collection","settings":{"title":"All Sofas","heading_size":"h1","description":"","show_description":false,"description_style":"body","collection":"sofas","products_to_show":4,"columns_desktop":4,"full_width":false,"show_view_all":true,"view_all_style":"solid","enable_desktop_slider":false,"color_scheme":"","image_ratio":"adapt","image_shape":"default","show_secondary_image":false,"show_vendor":false,"show_rating":false,"quick_add":"none","columns_mobile":"2","swipe_on_mobile":false,"padding_top":36,"padding_bottom":36}},"related-products":{"type":"related-products","settings":{"heading":"You may also like","heading_size":"h2","products_to_show":4,"columns_desktop":4,"color_scheme":"scheme-1","image_ratio":"square","image_shape":"default","show_secondary_image":true,"show_vendor":false,"show_rating":false,"columns_mobile":"2","padding_top":36,"padding_bottom":28}}},"order":["main","featured_collection_34NXan","related-products"]}