{"sections":{"main":{"type":"main-product","blocks":{"title":{"type":"title","settings":{}},"description":{"type":"description","settings":{}},"text_fp6Mmc":{"type":"text","settings":{"text":"{{ product.metafields.custom.website | metafield_tag }}","text_style":"body"}},"text_Mkc8Dx":{"type":"text","settings":{"text":"{{ product.metafields.custom.address.value }}","text_style":"body"}},"text_7DxFMT":{"type":"text","settings":{"text":"{{ product.metafields.custom.phone_number | metafield_tag }}","text_style":"body"}},"text_NiKHjb":{"type":"text","settings":{"text":"{{ product.metafields.custom.email | metafield_tag }}","text_style":"body"}}},"block_order":["title","description","text_fp6Mmc","text_Mkc8Dx","text_7DxFMT","text_NiKHjb"],"settings":{"enable_sticky_info":true,"color_scheme":"scheme-1","media_size":"small","constrain_to_viewport":true,"media_fit":"cover","gallery_layout":"thumbnail_slider","media_position":"left","image_zoom":"lightbox","mobile_thumbnails":"hide","hide_variants":true,"enable_video_looping":false,"padding_top":36,"padding_bottom":12}},"related-products":{"type":"related-products","disabled":true,"settings":{"heading":"You may also like","heading_size":"h2","products_to_show":4,"columns_desktop":4,"color_scheme":"scheme-1","image_ratio":"square","image_shape":"default","show_secondary_image":true,"show_vendor":false,"show_rating":false,"columns_mobile":"2","padding_top":36,"padding_bottom":28}},"featured_collection_JAJmkN":{"type":"featured-collection","settings":{"title":"All repair shops","heading_size":"h1","description":"","show_description":false,"description_style":"body","collection":"repair-shops","products_to_show":25,"columns_desktop":6,"full_width":true,"show_view_all":true,"view_all_style":"solid","enable_desktop_slider":false,"color_scheme":"","image_ratio":"adapt","image_shape":"default","show_secondary_image":false,"show_vendor":false,"show_rating":false,"quick_add":"none","columns_mobile":"2","swipe_on_mobile":false,"padding_top":36,"padding_bottom":36}}},"order":["main","related-products","featured_collection_JAJmkN"]}