{"name":"t:sections.footer.name","type":"footer","sections":{"footer":{"type":"footer","blocks":{"link_list_6FbKFp":{"type":"link_list","settings":{"heading":"Customer Care","menu":"customer-care"}},"link_list_y8AkxP":{"type":"link_list","settings":{"heading":"Shop","menu":"shop"}},"link_list_G3PAEJ":{"type":"link_list","settings":{"heading":"Rehome & Repair","menu":"rehome-repair"}},"link_list_QcbNid":{"type":"link_list","settings":{"heading":"Community & Resources","menu":"community-resources"}},"brand_information_eQNQUx":{"type":"brand_information","settings":{"show_social":true}},"link_list_keqGcy":{"type":"link_list","settings":{"heading":"The Deja Decor Difference","menu":"the-deja-decor-difference"}}},"block_order":["link_list_6FbKFp","link_list_y8AkxP","link_list_G3PAEJ","link_list_QcbNid","brand_information_eQNQUx","link_list_keqGcy"],"settings":{"color_scheme":"scheme-1","newsletter_enable":false,"newsletter_heading":"","enable_follow_on_shop":false,"show_social":true,"enable_country_selector":false,"enable_language_selector":true,"payment_enable":false,"show_policy":true,"margin_top":0,"padding_top":8,"padding_bottom":8}}},"order":["footer"]}